Run,A,A.1,B,B.1,C,C.1,DRB1,DRB1.1,DQB1,DQB1.1
ERR188030,A*23:01/A*23:07/A*23:17/A*23:18/A*23:20,A*36:01:00,B*35:01/B*35:40/B*35:42/B*35:57/B*35:94,B*49:01:00,C*04:01/C*04:09/C*04:28/C*04:30/C*04:41,C*07:01/C*07:06/C*07:18/C*07:52,DRB1*03:01,DRB1*07:01,DQB1*02:01/DQB1*02:02/DQB1*02:04,DQB1*05:01
ERR188042,A*02:05,A*30:02:00,B*18:01,B*58:01:00,C*07:01,C*08:02,DRB1*07:01,DRB1*07:01,DQB1*02:01,DQB1*02:01
ERR188055,A*02:02,A*23:01,B*52:01:00,B*53:01:00,C*04:01,C*16:01,DRB1*13:02,DRB1*13:03,DQB1*06:05,DQB1*03:01
ERR188060,A*03:01,A*74:01:00,B*49:01:00,B*51:01:00,C*07:01,C*16:01,DRB1*12:01,DRB1*13:03,DQB1*02:01,DQB1*03:01
ERR188064,A*32:01:00,A*33:03:00,B*53:01:00,B*58:01:00,C*03:02,C*04:01,DRB1*13:01,DRB1*03:01,DQB1*06:03,DQB1*02:01
ERR188072,A*02:01,A*30:01:00,B*07:02,B*45:01:00,C*07:02,C*16:01,DRB1*15:03,DRB1*11:02,DQB1*06:02,DQB1*03:01
ERR188128,A*36:01:00,A*68:02:00,B*42:01:00,B*81:01:00,C*08:04,C*17:01,DRB1*13:01,DRB1*03:02,DQB1*05:01,DQB1*04:02
ERR188158,A*24:24:00,A*74:01:00,B*14:03,B*58:01:00,C*07:01,C*08:02,DRB1*13:01,DRB1*07:01,DQB1*05:01,DQB1*02:01
ERR188162,A*33:03:00,A*68:02:00,B*42:01:00,B*53:01:00,C*04:01,C*17:01,DRB1*13:03,DRB1*03:02,DQB1*02:01,DQB1*04:02
ERR188170,A*66:02:00,A*68:02:00,B*42:01:00,B*53:01:00,C*04:01,C*17:01,DRB1*03:02,DRB1*08:04,DQB1*04:02,DQB1*03:01
ERR188182,A*34:02:00,A*74:01:00,B*53:01:00,B*53:01:00,C*04:01,C*04:01,DRB1*11:01,DRB1*13:03,DQB1*06:02,DQB1*02:01
ERR188188,A*23:01,A*36:01:00,B*07:02,B*07:02,C*07:02,C*15:05,DRB1*15:03,DRB1*09:01,DQB1*05:02,DQB1*02:01
ERR188193,A*02:11,A*36:01:00,B*35:01:00,B*52:01:00,C*07:01,C*16:01,DRB1*13:01,DRB1*13:02,DQB1*06:03,DQB1*06:05
ERR188207,A*30:01:00,A*33:03:00,B*42:02:00,B*45:01:00,C*16:01,C*17:01,DRB1*13:03,DRB1*04:03,DQB1*02:01,DQB1*03:02
ERR188225,A*03:01,A*26:01:00,B*15:10,B*56:01:00,C*01:02,C*08:04,DRB1*11:04,DRB1*14:01,DQB1*05:02,DQB1*05:03
ERR188232,A*26:01:00,A*68:01:00,B*15:10,B*51:01:00,C*04:01,C*16:01,DRB1*11:04,DRB1*13:03,DQB1*05:02,DQB1*03:01
ERR188234,A*23:01,A*33:03:00,B*07:02,B*39:03:00,C*07:01,C*07:02,DRB1*13:02,DRB1*03:02,DQB1*06:05,DQB1*04:02
ERR188243,A*02:01,A*36:01:00,B*51:01:00,B*53:01:00,C*06:02,C*16:01,DRB1*01:02,DRB1*07:01,DQB1*05:01,DQB1*02:01
ERR188273,A*26:01:00,A*74:01:00,B*15:03,B*53:01:00,C*02:02,C*07:01,DRB1*15:03,DRB1*03:01,DQB1*06:02,DQB1*02:01
ERR188275,A*03:01,A*33:03:00,B*15:16,B*18:01,C*02:02,C*14:02,DRB1*03:01,DRB1*07:01,DQB1*02:01,DQB1*02:01
ERR188278,A*03:01,A*68:02:00,B*13:02,B*57:03:00,C*03:02,C*07:01,DRB1*14:01,DRB1*08:04,DQB1*06:03,DQB1*04:02
ERR188284,A*30:01/A*30:24,A*33:03/A*33:15/A*33:25,B*41:04:00,B*42:01:00,C*17:01/C*17:02/C*17:03,C*17:01/C*17:02/C*17:03,DRB1*03:02,DRB1*13:27,DQB1*02:01/DQB1*02:02/DQB1*02:04,DQB1*04:02
ERR188306,A*02:01,A*23:01,B*07:02,B*58:01:00,C*07:01,C*07:02,DRB1*13:03,DRB1*15:03,DQB1*06:05,DQB1*03:01
ERR188363,A*01:01,A*02:01,B*42:01:00,B*53:01:00,C*04:01,C*17:01,DRB1*11:04,DRB1*03:02,DQB1*06:02,DQB1*04:02
ERR188367,A*03:01,A*30:01:00,B*18:01,B*42:01:00,C*02:02,C*17:01,DRB1*15:03,DRB1*15:03,DQB1*06:02,DQB1*06:02
ERR188373,A*30:02:00,A*30:02:00,B*15:03,B*57:03:00,C*02:02,C*08:02,DRB1*13:03,DRB1*07:01,DQB1*02:01,DQB1*02:01
ERR188375,A*29:02:00,A*30:01:00,B*18:01,B*49:01:00,C*02:02,C*07:01,DRB1*03:01,DRB1*08:04,DQB1*02:01,DQB1*03:01
ERR188392,A*03:01/A*03:20/A*03:21/A*03:26/A*03:37/A*03:45,A*33:01:00,B*15:10,B*58:01/B*58:11,C*03:02,C*08:04,DRB1*03:01,DRB1*13:01,DQB1*03:01/DQB1*03:09/DQB1*03:19/DQB1*03:21/DQB1*03:22/DQB1*03:24,DQB1*06:03
ERR188422,A*30:02:00,A*68:01:00,B*35:01:00,B*44:03:00,C*04:01,C*04:01,DRB1*07:01,DRB1*15:03,DQB1*02:01,DQB1*02:01
ERR188427,A*03:01,A*23:01,B*52:01:00,B*57:02:00,C*16:01,C*18:01,DRB1*13:35,DRB1*07:01,DQB1*06:03,DQB1*02:01
ERR188434,A*03:01,A*30:01:00,B*15:10,B*52:01:00,C*08:04,C*16:01,DRB1*11:04,DRB1*13:01,DQB1*05:02,DQB1*06:03
ERR188440,A*23:01,A*30:02:00,B*07:02,B*52:01:00,C*07:02,C*16:01,DRB1*01:01,DRB1*13:01,DQB1*05:01,DQB1*05:01
ERR188444,A*02:02,A*23:01,B*07:02,B*58:01:00,C*07:01,C*07:02,DRB1*01:01,DRB1*11:02,DQB1*05:01,DQB1*03:01
ERR188454,A*30:02:00,A*68:02:00,B*08:01,B*15:10,C*03:02,C*07:01,DRB1*03:01,DRB1*11:01,DQB1*02:01,DQB1*03:01
ERR188459,A*02:02,A*23:01,B*52:01:00,B*53:01:00,C*04:01,C*16:01,DRB1*13:02,DRB1*03:01,DQB1*06:04,DQB1*02:01
ERR188460,A*33:03:00,A*36:01:00,B*18:01,B*53:01:00,C*04:01,C*05:01,DRB1*14:01,DRB1*03:02,DQB1*05:03,DQB1*04:02
ERR188471,A*33:03:00,A*36:01:00,B*13:02,B*35:01:00,C*04:01,C*04:01,DRB1*08:04,DRB1*08:04,DQB1*04:02,DQB1*03:01
ERR188476,A*23:01,A*30:01:00,B*35:01:00,B*53:01:00,C*04:01,C*08:02,DRB1*15:03,DRB1*13:01,DQB1*05:01,DQB1*06:02
ERR204820,A*30:01/A*30:24,A*33:03/A*33:15/A*33:25,B*41:04:00,B*42:01:00,C*17:01/C*17:02/C*17:03,C*17:01/C*17:02/C*17:03,DRB1*03:02,DRB1*13:27,DQB1*02:01/DQB1*02:02/DQB1*02:04,DQB1*04:02
ERR204821,A*03:01,A*23:01,B*52:01:00,B*57:02:00,C*16:01,C*18:01,DRB1*13:35,DRB1*07:01,DQB1*06:03,DQB1*02:01
ERR204825,A*23:01,A*30:01:00,B*35:01:00,B*53:01:00,C*04:01,C*08:02,DRB1*15:03,DRB1*13:01,DQB1*05:01,DQB1*06:02
ERR204828,A*02:02,A*23:01,B*07:02,B*58:01:00,C*07:01,C*07:02,DRB1*01:01,DRB1*11:02,DQB1*05:01,DQB1*03:01
ERR204829,A*30:02:00,A*68:02:00,B*08:01,B*15:10,C*03:02,C*07:01,DRB1*03:01,DRB1*11:01,DQB1*02:01,DQB1*03:01
ERR204835,A*03:01,A*74:01:00,B*49:01:00,B*51:01:00,C*07:01,C*16:01,DRB1*12:01,DRB1*13:03,DQB1*02:01,DQB1*03:01
ERR204837,A*02:01,A*23:01,B*07:02,B*58:01:00,C*07:01,C*07:02,DRB1*13:03,DRB1*15:03,DQB1*06:05,DQB1*03:01
ERR204845,A*03:01,A*26:01:00,B*15:10,B*56:01:00,C*01:02,C*08:04,DRB1*11:04,DRB1*14:01,DQB1*05:02,DQB1*05:03
ERR204851,A*34:02:00,A*74:01:00,B*53:01:00,B*53:01:00,C*04:01,C*04:01,DRB1*11:01,DRB1*13:03,DQB1*06:02,DQB1*02:01
ERR204912,A*23:01,A*36:01:00,B*07:02,B*07:02,C*07:02,C*15:05,DRB1*15:03,DRB1*09:01,DQB1*05:02,DQB1*02:01
ERR204913,A*02:02,A*23:01,B*52:01:00,B*53:01:00,C*04:01,C*16:01,DRB1*13:02,DRB1*03:01,DQB1*06:04,DQB1*02:01
ERR204917,A*02:11,A*36:01:00,B*35:01:00,B*52:01:00,C*07:01,C*16:01,DRB1*13:01,DRB1*13:02,DQB1*06:03,DQB1*06:05
ERR204922,A*66:02:00,A*68:02:00,B*42:01:00,B*53:01:00,C*04:01,C*17:01,DRB1*03:02,DRB1*08:04,DQB1*04:02,DQB1*03:01
ERR204940,A*03:01,A*68:02:00,B*13:02,B*57:03:00,C*03:02,C*07:01,DRB1*14:01,DRB1*08:04,DQB1*06:03,DQB1*04:02
ERR204948,A*30:02:00,A*68:01:00,B*35:01:00,B*44:03:00,C*04:01,C*04:01,DRB1*07:01,DRB1*15:03,DQB1*02:01,DQB1*02:01
ERR204952,A*26:01:00,A*74:01:00,B*15:03,B*53:01:00,C*02:02,C*07:01,DRB1*15:03,DRB1*03:01,DQB1*06:02,DQB1*02:01
ERR204956,A*03:01,A*30:01:00,B*15:10,B*52:01:00,C*08:04,C*16:01,DRB1*11:04,DRB1*13:01,DQB1*05:02,DQB1*06:03
ERR204959,A*01:01,A*02:01,B*42:01:00,B*53:01:00,C*04:01,C*17:01,DRB1*11:04,DRB1*03:02,DQB1*06:02,DQB1*04:02
ERR204966,A*23:01,A*30:02:00,B*07:02,B*52:01:00,C*07:02,C*16:01,DRB1*01:01,DRB1*13:01,DQB1*05:01,DQB1*05:01
ERR204970,A*30:01:00,A*33:03:00,B*42:02:00,B*45:01:00,C*16:01,C*17:01,DRB1*13:03,DRB1*04:03,DQB1*02:01,DQB1*03:02
ERR204980,A*23:01,A*33:03:00,B*07:02,B*39:03:00,C*07:01,C*07:02,DRB1*13:02,DRB1*03:02,DQB1*06:05,DQB1*04:02
ERR204981,A*26:01:00,A*68:01:00,B*15:10,B*51:01:00,C*04:01,C*16:01,DRB1*11:04,DRB1*13:03,DQB1*05:02,DQB1*03:01
ERR204985,A*32:01:00,A*33:03:00,B*53:01:00,B*58:01:00,C*03:02,C*04:01,DRB1*13:01,DRB1*03:01,DQB1*06:03,DQB1*02:01
ERR204987,A*33:03:00,A*36:01:00,B*13:02,B*35:01:00,C*04:01,C*04:01,DRB1*08:04,DRB1*08:04,DQB1*04:02,DQB1*03:01
ERR204994,A*23:01/A*23:07/A*23:17/A*23:18/A*23:20,A*36:01:00,B*35:01/B*35:40/B*35:42/B*35:57/B*35:94,B*49:01:00,C*04:01/C*04:09/C*04:28/C*04:30/C*04:41,C*07:01/C*07:06/C*07:18/C*07:52,DRB1*03:01,DRB1*07:01,DQB1*02:01/DQB1*02:02/DQB1*02:04,DQB1*05:01
ERR205013,A*29:02:00,A*30:01:00,B*18:01,B*49:01:00,C*02:02,C*07:01,DRB1*03:01,DRB1*08:04,DQB1*02:01,DQB1*03:01
ERR205017,A*30:02:00,A*30:02:00,B*15:03,B*57:03:00,C*02:02,C*08:02,DRB1*13:03,DRB1*07:01,DQB1*02:01,DQB1*02:01
ERR205019,A*24:24:00,A*74:01:00,B*14:03,B*58:01:00,C*07:01,C*08:02,DRB1*13:01,DRB1*07:01,DQB1*05:01,DQB1*02:01
ERR205021,A*03:01/A*03:20/A*03:21/A*03:26/A*03:37/A*03:45,A*33:01:00,B*15:10,B*58:01/B*58:11,C*03:02,C*08:04,DRB1*03:01,DRB1*13:01,DQB1*03:01/DQB1*03:09/DQB1*03:19/DQB1*03:21/DQB1*03:22/DQB1*03:24,DQB1*06:03
