ERR,A,A.1,B,B.1,C,C.1,DQB1,DQB1.1,DRB1,DRB1.1
SRR5252839,"A*24:02:01,A*24:02:134",A*11:01:01,B*07:02:01,B*15:01:01,C*07:02:01,C*03:03:01,"DQB1*02:01:01,DQB1*02:01:08,DQB1*02:01:40,DQB1*02:01:42,DQB1*02:01:44,DQB1*02:01:45,DQB1*02:02:01,DQB1*02:02:04,DQB1*02:02:05,DQB1*02:02:06,DQB1*02:02:12,DQB1*02:02:13,DQB1*02:02:14,DQB1*02:02:15,DQB1*02:02:16,DQB1*02:02:17,DQB1*02:02:18,DQB1*02:02:19,DQB1*02:02:20,DQB1*02:02:21,DQB1*02:02:22,DQB1*02:02:24,DQB1*02:04,DQB1*02:07:01,DQB1*02:10,DQB1*02:12,DQB1*02:14:01,DQB1*02:20:01,DQB1*02:26,DQB1*02:53Q,DQB1*02:59,DQB1*02:62,DQB1*02:79,DQB1*02:80,DQB1*02:81,DQB1*02:82,DQB1*02:83,DQB1*02:84,DQB1*02:93,DQB1*02:96N,DQB1*02:105,DQB1*02:122,DQB1*02:143,DQB1*02:144,DQB1*02:156,DQB1*02:163N,DQB1*02:170,DQB1*02:172,DQB1*02:178,DQB1*02:179,DQB1*02:180,DQB1*02:186,DQB1*02:188,DQB1*02:189,DQB1*02:190,DQB1*02:191,DQB1*02:192,DQB1*02:194N,DQB1*02:195,DQB1*02:197,DQB1*02:198,DQB1*02:200,DQB1*02:201,DQB1*02:202,DQB1*02:205,DQB1*02:206N,DQB1*02:207,DQB1*02:208,DQB1*02:209","DQB1*03:01:01,DQB1*03:01:02,DQB1*03:01:03,DQB1*03:01:08,DQB1*03:01:17,DQB1*03:01:21,DQB1*03:01:22,DQB1*03:01:36,DQB1*03:01:37,DQB1*03:01:41,DQB1*03:01:43,DQB1*03:01:47,DQB1*03:01:50,DQB1*03:01:52,DQB1*03:01:53,DQB1*03:01:55,DQB1*03:01:58,DQB1*03:04:01,DQB1*03:04:03,DQB1*03:10:01,DQB1*03:10:02,DQB1*03:12,DQB1*03:13,DQB1*03:19:01,DQB1*03:21,DQB1*03:22:01,DQB1*03:29,DQB1*03:55,DQB1*03:71,DQB1*03:92,DQB1*03:93,DQB1*03:114,DQB1*03:150,DQB1*03:187,DQB1*03:191,DQB1*03:197Q,DQB1*03:243,DQB1*03:246,DQB1*03:252,DQB1*03:253,DQB1*03:254,DQB1*03:276N,DQB1*03:297,DQB1*03:309:02,DQB1*03:312,DQB1*03:417,DQB1*03:419,DQB1*03:421,DQB1*03:423,DQB1*03:458,DQB1*03:470,DQB1*03:483,DQB1*03:491,DQB1*03:496,DQB1*03:497,DQB1*03:499N,DQB1*03:503,DQB1*03:506,DQB1*03:508",DRB1*12:01:01,
SRR5252862,"A*02:01:01,A*02:01:02,A*02:01:38,A*02:01:132,A*02:01:149,A*02:01:151,A*02:01:162,A*02:01:168,A*02:01:169,A*02:01:170,A*02:01:174,A*02:01:180,A*02:01:182,A*02:01:186,A*02:01:188,A*02:01:191,A*02:01:196,A*02:01:199,A*02:01:207,A*02:01:211",A*01:01:01,B*51:01:01,"B*44:02:01,B*44:19N,B*44:478",C*05:01:01,C*05:237,"DQB1*05:03:01,DQB1*05:03:25,DQB1*05:03:27,DQB1*05:08,DQB1*05:10,DQB1*05:23,DQB1*05:78,DQB1*05:108,DQB1*05:134,DQB1*05:211,DQB1*05:289,DQB1*05:292,DQB1*05:296,DQB1*05:312,DQB1*05:314,DQB1*05:318",,"DRB1*01:01:01,DRB1*01:01:07,DRB1*01:03:01,DRB1*01:77,DRB1*01:112,DRB1*01:132",
SRR5252837,A*02:01:01,A*11:01:01,B*18:01:01,B*27:05:02,C*07:01:01,C*01:02:01,DQB1*06:03:01,DQB1*05:01:01,DRB1*01:01:01,DRB1*13:01:01
SRR5252844,A*03:01:01,A*01:01:01,B*07:02:01,B*08:01:01,C*07:01:01,C*07:02:01,"DQB1*02:01:01,DQB1*02:01:08,DQB1*02:01:40,DQB1*02:01:42,DQB1*02:01:45,DQB1*02:02:01,DQB1*02:02:04,DQB1*02:02:05,DQB1*02:02:06,DQB1*02:02:13,DQB1*02:02:15,DQB1*02:02:16,DQB1*02:02:17,DQB1*02:02:19,DQB1*02:02:20,DQB1*02:02:21,DQB1*02:02:22,DQB1*02:04,DQB1*02:07:01,DQB1*02:10,DQB1*02:12,DQB1*02:14:01,DQB1*02:20:01,DQB1*02:26,DQB1*02:53Q,DQB1*02:59,DQB1*02:79,DQB1*02:80,DQB1*02:81,DQB1*02:82,DQB1*02:83,DQB1*02:84,DQB1*02:93,DQB1*02:96N,DQB1*02:105,DQB1*02:122,DQB1*02:143,DQB1*02:144,DQB1*02:156,DQB1*02:163N,DQB1*02:170,DQB1*02:172,DQB1*02:178,DQB1*02:179,DQB1*02:186,DQB1*02:188,DQB1*02:189,DQB1*02:190,DQB1*02:191,DQB1*02:192,DQB1*02:194N,DQB1*02:195,DQB1*02:198,DQB1*02:200,DQB1*02:201,DQB1*02:202,DQB1*02:205,DQB1*02:207,DQB1*02:208,DQB1*02:209","DQB1*03:02:01,DQB1*03:02:02,DQB1*03:02:03,DQB1*03:02:12,DQB1*03:02:22,DQB1*03:02:23,DQB1*03:02:32,DQB1*03:02:33,DQB1*03:03:02,DQB1*03:03:03,DQB1*03:03:30,DQB1*03:05:01,DQB1*03:05:03,DQB1*03:05:04,DQB1*03:08,DQB1*03:11,DQB1*03:25:01,DQB1*03:37,DQB1*03:40,DQB1*03:68,DQB1*03:72,DQB1*03:195,DQB1*03:211,DQB1*03:239,DQB1*03:249,DQB1*03:250,DQB1*03:251,DQB1*03:289,DQB1*03:415,DQB1*03:422N,DQB1*03:445,DQB1*03:484,DQB1*03:493,DQB1*03:498,DQB1*03:500,DQB1*03:501,DQB1*03:502,DQB1*03:504,DQB1*04:01:01,DQB1*04:02:01,DQB1*04:02:03,DQB1*04:02:04,DQB1*04:02:06,DQB1*04:02:13,DQB1*04:02:23,DQB1*04:04,DQB1*04:11,DQB1*04:13,DQB1*04:32,DQB1*04:51,DQB1*04:52,DQB1*04:87,DQB1*04:91",DRB1*08:77,
SRR5252859,A*03:01:01,A*01:01:01,B*08:01:01,B*35:01:01,C*07:01:01,C*04:01:01,DQB1*02:01:42,,"DRB1*01:01:01,DRB1*01:01:02,DRB1*01:01:07,DRB1*01:01:34,DRB1*01:01:40,DRB1*01:01:41,DRB1*01:02:01,DRB1*01:03:01,DRB1*01:07,DRB1*01:13,DRB1*01:112,DRB1*01:130,DRB1*01:131N,DRB1*01:133,DRB1*01:134,DRB1*01:142",
SRR5252843,A*03:01:01,A*01:01:01,B*08:01:01,B*35:01:01,C*04:01:01,C*07:01:01,"DQB1*02:01:01,DQB1*02:01:42,DQB1*02:01:45,DQB1*02:07:01,DQB1*02:14:01,DQB1*02:53Q,DQB1*02:59,DQB1*02:82,DQB1*02:83,DQB1*02:93,DQB1*02:105,DQB1*02:163N,DQB1*02:170,DQB1*02:188,DQB1*02:189,DQB1*02:191,DQB1*02:198,DQB1*02:202,DQB1*02:205,DQB1*02:209",,"DRB1*03:01:01,DRB1*03:07:01","DRB1*01:01:01,DRB1*01:01:38,DRB1*01:01:39,DRB1*01:01:40,DRB1*01:02:01,DRB1*01:02:13,DRB1*01:03:01,DRB1*01:77,DRB1*01:82,DRB1*01:91Q,DRB1*01:112,DRB1*01:117,DRB1*01:122,DRB1*01:132,DRB1*01:135"
SRR5252861,"A*02:01:01,A*02:01:02,A*02:01:38,A*02:01:120,A*02:01:124,A*02:01:132,A*02:01:146","A*26:01:01,A*26:01:40,A*26:01:43,A*26:01:48","B*51:01:01,B*51:01:85,B*51:01:96,B*51:241,B*51:297,B*51:311","B*40:01:02,B*40:170,B*40:310,B*40:321,B*40:346,B*40:397,B*40:433,B*40:448,B*40:491,B*40:499,B*40:503","C*03:03:01,C*03:03:04,C*03:03:19,C*03:03:27,C*03:03:31,C*03:03:34,C*03:03:42,C*03:03:43,C*03:03:44,C*03:03:45,C*03:03:48,C*03:03:55,C*03:03:56,C*03:03:64,C*03:03:65,C*03:04:69,C*03:04:77,C*03:04:85,C*03:04:95,C*03:07:01,C*03:10,C*03:13:01,C*03:23N,C*03:32:01,C*03:38:01,C*03:53,C*03:81,C*03:85,C*03:88,C*03:115:02,C*03:243,C*03:288,C*03:289,C*03:290,C*03:320,C*03:324,C*03:336,C*03:339,C*03:363N,C*03:364,C*03:374,C*03:377N,C*03:389,C*03:395,C*03:396:01N,C*03:396:02N,C*03:399,C*03:412,C*03:415,C*03:428,C*03:430,C*03:436,C*03:437,C*03:438,C*03:444N,C*03:450,C*03:457,C*03:461,C*03:472,C*03:476,C*03:479,C*03:501,C*03:509N,C*03:515,C*03:516,C*03:519,C*03:529,C*03:541,C*03:542,C*03:550,C*03:555,C*03:567,C*03:574,C*03:583,C*03:585,C*03:586Q,C*03:598,C*03:601,C*03:608,C*03:617,C*03:634,C*03:635N","C*14:02:01,C*14:02:03,C*14:02:27,C*14:03:01,C*14:03:02,C*14:74,C*14:75,C*14:101,C*14:122,C*14:125,C*14:130,C*14:133,C*14:145","DQB1*06:03:01,DQB1*06:03:14,DQB1*06:03:26",,"DRB1*15:01:01,DRB1*15:01:08,DRB1*15:06:01,DRB1*15:07:01",DRB1*15:01:17
SRR5252853,A*02:989N,A*02:1005,B*18:01:01,B*27:05:02,C*07:1064,C*01:09:02,"DQB1*06:03:01,DQB1*06:362",,DRB1*01:01:01,DRB1*13:01:01
SRR5252845,A*26:01:01,A*02:01:01,B*40:01:02,B*51:01:01,C*14:02:01,C*03:04:01,DQB1*06:03:01,DQB1*06:02:01,DRB1*13:01:01,DRB1*15:01:01
SRR5252851,"A*02:01:01,A*02:01:149,A*02:01:151,A*02:01:168,A*02:01:170,A*02:01:182,A*02:01:186,A*02:01:188,A*02:01:191,A*02:01:196,A*02:642,A*02:740,A*02:753,A*02:761,A*02:762,A*02:765,A*02:776,A*02:795Q,A*02:819,A*02:830:01,A*02:830:02,A*02:852,A*02:866,A*02:884:01,A*02:884:02",A*11:01:01,B*55:01:01,B*51:01:01,C*15:02:01,C*03:03:01,"DQB1*05:01:01,DQB1*05:01:05,DQB1*05:01:22,DQB1*05:01:23,DQB1*05:01:24,DQB1*05:01:30,DQB1*05:01:37,DQB1*05:01:39,DQB1*05:01:41,DQB1*05:01:43,DQB1*05:01:44,DQB1*05:01:45,DQB1*05:01:47,DQB1*05:01:48,DQB1*05:02:01,DQB1*05:02:07,DQB1*05:02:08,DQB1*05:02:11,DQB1*05:02:17,DQB1*05:02:23,DQB1*05:02:25,DQB1*05:02:26,DQB1*05:02:27,DQB1*05:03:01,DQB1*05:03:30,DQB1*05:04,DQB1*05:12,DQB1*05:14,DQB1*05:18:01,DQB1*05:18:02,DQB1*05:27,DQB1*05:31,DQB1*05:43:02,DQB1*05:45,DQB1*05:46,DQB1*05:47,DQB1*05:52,DQB1*05:55,DQB1*05:56,DQB1*05:57,DQB1*05:69,DQB1*05:84,DQB1*05:97,DQB1*05:102,DQB1*05:103,DQB1*05:104,DQB1*05:106,DQB1*05:107,DQB1*05:132Q,DQB1*05:133,DQB1*05:135,DQB1*05:136,DQB1*05:137,DQB1*05:148,DQB1*05:152,DQB1*05:159,DQB1*05:160,DQB1*05:176,DQB1*05:183,DQB1*05:226,DQB1*05:237,DQB1*05:240,DQB1*05:241,DQB1*05:249,DQB1*05:250,DQB1*05:257,DQB1*05:267,DQB1*05:268,DQB1*05:269,DQB1*05:276,DQB1*05:280,DQB1*05:284,DQB1*05:285,DQB1*05:286,DQB1*05:287,DQB1*05:288,DQB1*05:290,DQB1*05:295N,DQB1*05:297,DQB1*05:307,DQB1*05:308,DQB1*05:309,DQB1*05:311,DQB1*05:313Q,DQB1*05:315,DQB1*05:316N,DQB1*05:317,DQB1*05:321","DQB1*06:02:01,DQB1*06:02:17,DQB1*06:02:27,DQB1*06:02:40,DQB1*06:02:53,DQB1*06:02:55,DQB1*06:02:59,DQB1*06:10,DQB1*06:11:01,DQB1*06:13:01,DQB1*06:16,DQB1*06:19:02,DQB1*06:37,DQB1*06:48:01,DQB1*06:75N,DQB1*06:109,DQB1*06:117,DQB1*06:226,DQB1*06:228,DQB1*06:306N,DQB1*06:384,DQB1*06:395,DQB1*06:401,DQB1*06:402,DQB1*06:404,DQB1*06:408,DQB1*06:409,DQB1*06:411,DQB1*06:417,DQB1*06:448,DQB1*06:457,DQB1*06:461",DRB1*15:01:01,"DRB1*08:01:01,DRB1*08:06:01"
SRR5252855,A*03:01:01,A*24:511,"B*15:01:01,B*15:01:02,B*15:01:17,B*15:01:40,B*15:01:41,B*15:01:42,B*15:01:44,B*15:01:45,B*15:01:46,B*15:01:47,B*15:01:48,B*15:01:50,B*15:01:51,B*15:01:53,B*15:01:67,B*15:01:77,B*15:30:01,B*15:33,B*15:34:01,B*15:34:02,B*15:58,B*15:63,B*15:65,B*15:73:01,B*15:75,B*15:78:01,B*15:78:04,B*15:147,B*15:150,B*15:178,B*15:272N,B*15:333,B*15:340,B*15:375N,B*15:385,B*15:412,B*15:415,B*15:432,B*15:453,B*15:464,B*15:480,B*15:488,B*15:489,B*15:507,B*15:512,B*15:522,B*15:525,B*15:528N,B*15:540N,B*15:581,B*15:585,B*15:590,B*15:595,B*15:606,B*15:663",B*07:419,C*07:01:92,,,,"DRB1*12:01:01,DRB1*12:02:01,DRB1*12:02:02,DRB1*12:95",
SRR5252846,"A*02:01:01,A*02:01:149,A*02:01:151,A*02:01:182,A*02:01:186,A*02:01:188,A*02:01:191",A*01:01:01,B*51:01:01,B*44:02:01,"C*07:36,C*07:441:02,C*07:756,C*07:970N,C*07:1025,C*07:1041",C*05:01:01,"DQB1*05:01:01,DQB1*05:01:24,DQB1*05:01:30,DQB1*05:01:48,DQB1*05:12,DQB1*05:18:01,DQB1*05:18:02,DQB1*05:69,DQB1*05:104,DQB1*05:133,DQB1*05:137,DQB1*05:249,DQB1*05:267,DQB1*05:290,DQB1*05:295N,DQB1*05:297",,"DRB1*01:01:01,DRB1*01:01:34,DRB1*01:07,DRB1*01:13,DRB1*01:130,DRB1*01:131N,DRB1*01:133,DRB1*01:134","DRB1*11:17,DRB1*14:08,DRB1*14:23:01,DRB1*14:54:01"
SRR5252860,A*03:01:01,A*01:01:01,B*08:01:01,B*07:02:01,C*07:970N,C*07:02:01,DQB1*04:02:01,"DQB1*02:01:01,DQB1*02:01:42,DQB1*02:14:01,DQB1*02:53Q,DQB1*02:93,DQB1*02:163N,DQB1*02:188,DQB1*02:191,DQB1*02:198,DQB1*02:202","DRB1*08:01:01,DRB1*08:17,DRB1*08:26,DRB1*08:105",DRB1*03:01:08
SRR5252835,A*02:01:01,,B*55:01:01,B*51:01:01,C*15:02:01,C*03:03:01,"DQB1*06:02:01,DQB1*06:02:02,DQB1*06:02:07,DQB1*06:02:11,DQB1*06:02:17,DQB1*06:02:22,DQB1*06:02:25,DQB1*06:02:40,DQB1*06:02:44,DQB1*06:02:49,DQB1*06:02:54,DQB1*06:02:58,DQB1*06:02:59,DQB1*06:03:01,DQB1*06:03:02,DQB1*06:03:11,DQB1*06:03:12,DQB1*06:03:14,DQB1*06:03:20,DQB1*06:03:24,DQB1*06:03:25,DQB1*06:03:26,DQB1*06:03:42,DQB1*06:03:45,DQB1*06:08:01,DQB1*06:10,DQB1*06:11:01,DQB1*06:13:01,DQB1*06:14:01,DQB1*06:14:02,DQB1*06:15:02,DQB1*06:16,DQB1*06:19:02,DQB1*06:20,DQB1*06:27:01,DQB1*06:28,DQB1*06:33,DQB1*06:37,DQB1*06:39,DQB1*06:46,DQB1*06:48:01,DQB1*06:49,DQB1*06:73,DQB1*06:74,DQB1*06:75N,DQB1*06:88:01,DQB1*06:90,DQB1*06:107,DQB1*06:112N,DQB1*06:113,DQB1*06:114,DQB1*06:115,DQB1*06:125,DQB1*06:130,DQB1*06:145:02,DQB1*06:185,DQB1*06:187,DQB1*06:188,DQB1*06:208:02,DQB1*06:219,DQB1*06:222,DQB1*06:224,DQB1*06:225,DQB1*06:286,DQB1*06:293,DQB1*06:306N,DQB1*06:317N,DQB1*06:352,DQB1*06:362,DQB1*06:365,DQB1*06:383N,DQB1*06:391,DQB1*06:392,DQB1*06:397N,DQB1*06:399,DQB1*06:400,DQB1*06:402,DQB1*06:404,DQB1*06:408,DQB1*06:412,DQB1*06:413,DQB1*06:416Q,DQB1*06:417,DQB1*06:422N,DQB1*06:425,DQB1*06:433,DQB1*06:442,DQB1*06:445,DQB1*06:446,DQB1*06:451,DQB1*06:453,DQB1*06:454N,DQB1*06:456N,DQB1*06:457,DQB1*06:459,DQB1*06:460",,"DRB1*15:01:01,DRB1*15:01:08,DRB1*15:01:51,DRB1*15:03:01,DRB1*15:06:01,DRB1*15:07:01,DRB1*15:200:01,DRB1*15:203Q","DRB1*08:01:01,DRB1*08:02:01,DRB1*08:04:01,DRB1*08:04:04,DRB1*08:06:01,DRB1*08:07,DRB1*08:08,DRB1*08:09:01,DRB1*08:11:01,DRB1*08:17,DRB1*08:26,DRB1*08:105"
